	Train Loss	Test Loss	Test Accuracy	Train Accuracy	first_gradient_norm	first_gradient_norm_wt	first_gradient_norm_wt_full	first_gradient_norm_wt_scaled	first_gradient_norm_wt_rel	first_gradient_norm_wt_rel_full	first_gradient_norm_all	first_gradient_norm_full	first_gradient_norm_sub	loss_error	loss_error_wt	loss_error_wt_scaled	loss_error_wt_rel	loss_error_all	loss_error_sub
0	3.9252008551025392	3.9232318099975587	9.999999990844726	9.981999999389648	23717.07345180502	0.014499548941341445	56011.22024269088	23717.064461055943	3.056774938975896e-07	1.7778031982806912	47434.13967597887	31505.86088317266	47434.1504187902	1514434.0	675356.5	1846845.0	0.22375145554542542	3018333.5	2342977.0
